[
  {
    "name": "Crear pago real Stripe",
    "request": {
      "method": "POST",
      "header": [
        { "key": "Content-Type", "value": "application/json" },
        { "key": "Authorization", "value": "Bearer <token>" }
      ],
      "body": {
        "mode": "raw",
        "raw": "{\n  \"reserva_id\": 35,\n  \"monto\": 828.00,\n  \"metodo\": \"Tarjeta\",\n  \"fecha_pago\": \"2025-10-14\",\n  \"estado\": \"Confirmado\",\n  \"url_stripe\": \"https://stripe.com/checkout/session/test\"\n}"
      },
      "url": {
        "raw": "http://localhost:8000/api/pagos/",
        "protocol": "http",
        "host": ["localhost"],
        "port": "8000",
        "path": ["api", "pagos", ""]
      }
    },
    "response": []
  }
]
