{
	"id": "paquetes-turisticos-env-2025",
	"name": "Paquetes Turísticos",
	"values": [
		{
			"key": "base_url",
			"value": "http://127.0.0.1:8000/api",
			"description": "URL base para todas las APIs del sistema de paquetes",
			"type": "default",
			"enabled": true
		},
		{
			"key": "access_token",
			"value": "",
			"description": "Token JWT del cliente - Se llena automáticamente al hacer login",
			"type": "secret",
			"enabled": true
		},
		{
			"key": "admin_token",
			"value": "",
			"description": "Token JWT del administrador - Para operaciones de gestión",
			"type": "secret",
			"enabled": true
		},
		{
			"key": "refresh_token",
			"value": "",
			"description": "Token de renovación - Se llena automáticamente",
			"type": "secret",
			"enabled": true
		},
		{
			"key": "user_id",
			"value": "",
			"description": "ID del usuario logueado - Se guarda automáticamente",
			"type": "default",
			"enabled": true
		},
		{
			"key": "admin_user_id",
			"value": "",
			"description": "ID del usuario administrador - Para operaciones admin",
			"type": "default",
			"enabled": true
		},
		{
			"key": "campania_id",
			"value": "",
			"description": "ID de la campaña/paquete creado - Variable automática",
			"type": "default",
			"enabled": true
		},
		{
			"key": "servicio_id",
			"value": "1",
			"description": "ID del servicio de prueba - Se puede cambiar según datos",
			"type": "default",
			"enabled": true
		},
		{
			"key": "servicio_id_2",
			"value": "2",
			"description": "ID del segundo servicio para paquetes múltiples",
			"type": "default",
			"enabled": true
		},
		{
			"key": "categoria_id",
			"value": "1",
			"description": "ID de la categoría de servicios - Se actualiza automáticamente",
			"type": "default",
			"enabled": true
		},
		{
			"key": "campania_servicio_id",
			"value": "",
			"description": "ID de la asociación campaña-servicio creada",
			"type": "default",
			"enabled": true
		},
		{
			"key": "cupon_id",
			"value": "",
			"description": "ID del cupón creado - Variable automática",
			"type": "default",
			"enabled": true
		},
		{
			"key": "fecha_hoy",
			"value": "2025-01-15",
			"description": "Fecha actual para filtros - Actualizar según necesidad",
			"type": "default",
			"enabled": true
		},
		{
			"key": "fecha_inicio_busqueda",
			"value": "2025-01-01",
			"description": "Fecha inicio para rangos de búsqueda",
			"type": "default",
			"enabled": true
		},
		{
			"key": "fecha_fin_busqueda",
			"value": "2025-12-31",
			"description": "Fecha fin para rangos de búsqueda",
			"type": "default",
			"enabled": true
		},
		{
			"key": "precio_min",
			"value": "200",
			"description": "Precio mínimo para filtros de servicios",
			"type": "default",
			"enabled": true
		},
		{
			"key": "precio_max",
			"value": "800",
			"description": "Precio máximo para filtros de servicios",
			"type": "default",
			"enabled": true
		},
		{
			"key": "descuento_min",
			"value": "15",
			"description": "Descuento mínimo para filtros de campañas",
			"type": "default",
			"enabled": true
		},
		{
			"key": "busqueda_texto",
			"value": "aventura",
			"description": "Término de búsqueda para filtros de texto",
			"type": "default",
			"enabled": true
		},
		{
			"key": "ordenamiento",
			"value": "-monto",
			"description": "Campo de ordenamiento (ej: -monto, fecha_inicio, descripcion)",
			"type": "default",
			"enabled": true
		},
		{
			"key": "page_size",
			"value": "10",
			"description": "Tamaño de página para paginación",
			"type": "default",
			"enabled": true
		},
		{
			"key": "cliente_username",
			"value": "cliente1",
			"description": "Usuario cliente para login",
			"type": "default",
			"enabled": true
		},
		{
			"key": "cliente_password",
			"value": "cliente123",
			"description": "Contraseña del cliente",
			"type": "secret",
			"enabled": true
		},
		{
			"key": "admin_username",
			"value": "admin",
			"description": "Usuario administrador para login",
			"type": "default",
			"enabled": true
		},
		{
			"key": "admin_password",
			"value": "admin123",
			"description": "Contraseña del administrador",
			"type": "secret",
			"enabled": true
		}
	],
	"_postman_variable_scope": "environment",
	"_postman_exported_at": "2025-01-15T10:00:00.000Z",
	"_postman_exported_using": "Postman/10.20.0"
}