{
	"info": {
		"_postman_id": "11223344-5566-7788-9900-aabbccddeeff",
		"name": "Sistema de Paquetes Turísticos - CRUD Completo",
		"description": "Colección completa para probar el sistema de paquetes turísticos, campañas, servicios incluidos y cupones de descuento.",
		"schema": "https://schema.getpostman.com/json/collection/v2.1.0/collection.json"
	},
	"item": [
		{
			"name": "⭐ 00. PAQUETES COMPLETOS - NUEVA API",
			"description": "API principal para el frontend - obtiene paquetes con servicios incluidos",
			"item": [
				{
					"name": "Listar Todos los Paquetes Completos",
					"request": {
						"method": "GET",
						"header": [
							{
								"key": "Authorization",
								"value": "Bearer {{access_token}}",
								"type": "text"
							}
						],
						"url": {
							"raw": "{{base_url}}/paquetes/",
							"host": ["{{base_url}}"],
							"path": ["paquetes", ""]
						}
					},
					"response": []
				},
				{
					"name": "Ver Paquete Específico Completo",
					"request": {
						"method": "GET",
						"header": [
							{
								"key": "Authorization",
								"value": "Bearer {{access_token}}",
								"type": "text"
							}
						],
						"url": {
							"raw": "{{base_url}}/paquetes/{{campania_id}}/",
							"host": ["{{base_url}}"],
							"path": ["paquetes", "{{campania_id}}", ""]
						}
					},
					"response": []
				},
				{
					"name": "Paquetes Vigentes (Para Frontend)",
					"request": {
						"method": "GET",
						"header": [
							{
								"key": "Authorization",
								"value": "Bearer {{access_token}}",
								"type": "text"
							}
						],
						"url": {
							"raw": "{{base_url}}/paquetes/?activo=true",
							"host": ["{{base_url}}"],
							"path": ["paquetes", ""],
							"query": [
								{
									"key": "activo",
									"value": "true"
								}
							]
						}
					},
					"response": []
				},
				{
					"name": "Mejores Ofertas con Descuentos %",
					"request": {
						"method": "GET",
						"header": [
							{
								"key": "Authorization",
								"value": "Bearer {{access_token}}",
								"type": "text"
							}
						],
						"url": {
							"raw": "{{base_url}}/paquetes/?tipo_descuento=%&descuento_min={{descuento_min}}",
							"host": ["{{base_url}}"],
							"path": ["paquetes", ""],
							"query": [
								{
									"key": "tipo_descuento",
									"value": "%"
								},
								{
									"key": "descuento_min",
									"value": "{{descuento_min}}"
								}
							]
						}
					},
					"response": []
				}
			]
		},
		{
			"name": "01. Autenticación",
			"item": [
				{
					"name": "Login Cliente",
					"event": [
						{
							"listen": "test",
							"script": {
								"exec": [
									"if (pm.response.code === 200) {",
									"    const responseJson = pm.response.json();",
									"    pm.environment.set('access_token', responseJson.access);",
									"    pm.environment.set('refresh_token', responseJson.refresh);",
									"    pm.environment.set('user_id', responseJson.user.id);",
									"    pm.test('Login successful', () => {",
									"        pm.expect(responseJson.access).to.be.a('string');",
									"    });",
									"} else {",
									"    pm.test('Login failed', () => {",
									"        pm.expect.fail('Login failed with status: ' + pm.response.code);",
									"    });",
									"}"
								]
							}
						}
					],
					"request": {
						"method": "POST",
						"header": [
							{
								"key": "Content-Type",
								"value": "application/json"
							}
						],
						"body": {
							"mode": "raw",
							"raw": "{\n    \"username\": \"cliente1\",\n    \"password\": \"cliente123\"\n}"
						},
						"url": {
							"raw": "{{base_url}}/auth/login/",
							"host": ["{{base_url}}"],
							"path": ["auth", "login", ""]
						}
					}
				},
				{
					"name": "Login Admin",
					"event": [
						{
							"listen": "test",
							"script": {
								"exec": [
									"if (pm.response.code === 200) {",
									"    const responseJson = pm.response.json();",
									"    pm.environment.set('admin_token', responseJson.access);",
									"    pm.test('Admin login successful', () => {",
									"        pm.expect(responseJson.user.rol).to.include('Admin');",
									"    });",
									"}"
								]
							}
						}
					],
					"request": {
						"method": "POST",
						"header": [
							{
								"key": "Content-Type",
								"value": "application/json"
							}
						],
						"body": {
							"mode": "raw",
							"raw": "{\n    \"username\": \"admin\",\n    \"password\": \"admin123\"\n}"
						},
						"url": {
							"raw": "{{base_url}}/auth/login/",
							"host": ["{{base_url}}"],
							"path": ["auth", "login", ""]
						}
					}
				}
			]
		},
		{
			"name": "02. Categorías de Servicios",
			"item": [
				{
					"name": "Listar Todas las Categorías",
					"request": {
						"method": "GET",
						"header": [
							{
								"key": "Authorization",
								"value": "Bearer {{access_token}}"
							}
						],
						"url": {
							"raw": "{{base_url}}/categorias/",
							"host": ["{{base_url}}"],
							"path": ["categorias", ""]
						}
					}
				},
				{
					"name": "Ver Categoría Específica",
					"event": [
						{
							"listen": "test",
							"script": {
								"exec": [
									"if (pm.response.code === 200) {",
									"    const responseJson = pm.response.json();",
									"    pm.environment.set('categoria_id', responseJson.id);",
									"}"
								]
							}
						}
					],
					"request": {
						"method": "GET",
						"header": [
							{
								"key": "Authorization",
								"value": "Bearer {{access_token}}"
							}
						],
						"url": {
							"raw": "{{base_url}}/categorias/1/",
							"host": ["{{base_url}}"],
							"path": ["categorias", "1", ""]
						}
					}
				}
			]
		},
		{
			"name": "03. Servicios Disponibles",
			"item": [
				{
					"name": "Listar Todos los Servicios",
					"request": {
						"method": "GET",
						"header": [
							{
								"key": "Authorization",
								"value": "Bearer {{access_token}}"
							}
						],
						"url": {
							"raw": "{{base_url}}/servicios/",
							"host": ["{{base_url}}"],
							"path": ["servicios", ""]
						}
					}
				},
				{
					"name": "Servicios por Categoría",
					"request": {
						"method": "GET",
						"header": [
							{
								"key": "Authorization",
								"value": "Bearer {{access_token}}"
							}
						],
						"url": {
							"raw": "{{base_url}}/servicios/?categoria=1",
							"host": ["{{base_url}}"],
							"path": ["servicios", ""],
							"query": [
								{
									"key": "categoria",
									"value": "1"
								}
							]
						}
					}
				},
				{
					"name": "Servicios Activos",
					"request": {
						"method": "GET",
						"header": [
							{
								"key": "Authorization",
								"value": "Bearer {{access_token}}"
							}
						],
						"url": {
							"raw": "{{base_url}}/servicios/?activo=true",
							"host": ["{{base_url}}"],
							"path": ["servicios", ""],
							"query": [
								{
									"key": "activo",
									"value": "true"
								}
							]
						}
					}
				},
				{
					"name": "Buscar Servicios por Texto",
					"request": {
						"method": "GET",
						"header": [
							{
								"key": "Authorization",
								"value": "Bearer {{access_token}}"
							}
						],
						"url": {
							"raw": "{{base_url}}/servicios/?search=aventura",
							"host": ["{{base_url}}"],
							"path": ["servicios", ""],
							"query": [
								{
									"key": "search",
									"value": "aventura"
								}
							]
						}
					}
				},
				{
					"name": "Ver Servicio Específico",
					"event": [
						{
							"listen": "test",
							"script": {
								"exec": [
									"if (pm.response.code === 200) {",
									"    const responseJson = pm.response.json();",
									"    pm.environment.set('servicio_id', responseJson.id);",
									"    pm.environment.set('precio_servicio', responseJson.precio_bob);",
									"}"
								]
							}
						}
					],
					"request": {
						"method": "GET",
						"header": [
							{
								"key": "Authorization",
								"value": "Bearer {{access_token}}"
							}
						],
						"url": {
							"raw": "{{base_url}}/servicios/1/",
							"host": ["{{base_url}}"],
							"path": ["servicios", "1", ""]
						}
					}
				}
			]
		},
		{
			"name": "04. Campañas/Paquetes - CRUD Principal",
			"item": [
				{
					"name": "Listar Todas las Campañas",
					"request": {
						"method": "GET",
						"header": [
							{
								"key": "Authorization",
								"value": "Bearer {{access_token}}"
							}
						],
						"url": {
							"raw": "{{base_url}}/campanias/",
							"host": ["{{base_url}}"],
							"path": ["campanias", ""]
						}
					}
				},
				{
					"name": "Campañas Activas Vigentes",
					"request": {
						"method": "GET",
						"header": [
							{
								"key": "Authorization",
								"value": "Bearer {{access_token}}"
							}
						],
						"url": {
							"raw": "{{base_url}}/campanias/?fecha_inicio__lte=2025-01-15&fecha_fin__gte=2025-01-15",
							"host": ["{{base_url}}"],
							"path": ["campanias", ""],
							"query": [
								{
									"key": "fecha_inicio__lte",
									"value": "2025-01-15"
								},
								{
									"key": "fecha_fin__gte",
									"value": "2025-01-15"
								}
							]
						}
					}
				},
				{
					"name": "Campañas con Descuento Porcentual",
					"request": {
						"method": "GET",
						"header": [
							{
								"key": "Authorization",
								"value": "Bearer {{access_token}}"
							}
						],
						"url": {
							"raw": "{{base_url}}/campanias/?tipo_descuento=%&monto__gte=15.00",
							"host": ["{{base_url}}"],
							"path": ["campanias", ""],
							"query": [
								{
									"key": "tipo_descuento",
									"value": "%"
								},
								{
									"key": "monto__gte",
									"value": "15.00"
								}
							]
						}
					}
				},
				{
					"name": "Crear Nueva Campaña",
					"event": [
						{
							"listen": "test",
							"script": {
								"exec": [
									"if (pm.response.code === 201) {",
									"    const responseJson = pm.response.json();",
									"    pm.environment.set('campania_id', responseJson.id);",
									"    pm.test('Campaña creada exitosamente', () => {",
									"        pm.expect(responseJson.descripcion).to.be.a('string');",
									"        pm.expect(responseJson.tipo_descuento).to.be.oneOf(['%', '$']);",
									"    });",
									"    console.log('🎯 Campaña creada con ID:', responseJson.id);",
									"}"
								]
							}
						}
					],
					"request": {
						"method": "POST",
						"header": [
							{
								"key": "Content-Type",
								"value": "application/json"
							},
							{
								"key": "Authorization",
								"value": "Bearer {{admin_token}}"
							}
						],
						"body": {
							"mode": "raw",
							"raw": "{\n    \"descripcion\": \"Paquete Especial Carnaval 2025\",\n    \"fecha_inicio\": \"2025-02-01\",\n    \"fecha_fin\": \"2025-02-28\",\n    \"tipo_descuento\": \"%\",\n    \"monto\": \"20.00\"\n}"
						},
						"url": {
							"raw": "{{base_url}}/campanias/",
							"host": ["{{base_url}}"],
							"path": ["campanias", ""]
						}
					}
				},
				{
					"name": "Ver Campaña Específica",
					"request": {
						"method": "GET",
						"header": [
							{
								"key": "Authorization",
								"value": "Bearer {{access_token}}"
							}
						],
						"url": {
							"raw": "{{base_url}}/campanias/{{campania_id}}/",
							"host": ["{{base_url}}"],
							"path": ["campanias", "{{campania_id}}", ""]
						}
					}
				},
				{
					"name": "Actualizar Campaña Completa",
					"request": {
						"method": "PUT",
						"header": [
							{
								"key": "Content-Type",
								"value": "application/json"
							},
							{
								"key": "Authorization",
								"value": "Bearer {{admin_token}}"
							}
						],
						"body": {
							"mode": "raw",
							"raw": "{\n    \"descripcion\": \"Paquete Especial Carnaval 2025 - Actualizado\",\n    \"fecha_inicio\": \"2025-02-01\",\n    \"fecha_fin\": \"2025-03-05\",\n    \"tipo_descuento\": \"%\",\n    \"monto\": \"25.00\"\n}"
						},
						"url": {
							"raw": "{{base_url}}/campanias/{{campania_id}}/",
							"host": ["{{base_url}}"],
							"path": ["campanias", "{{campania_id}}", ""]
						}
					}
				},
				{
					"name": "Actualizar Solo Descuento",
					"request": {
						"method": "PATCH",
						"header": [
							{
								"key": "Content-Type",
								"value": "application/json"
							},
							{
								"key": "Authorization",
								"value": "Bearer {{admin_token}}"
							}
						],
						"body": {
							"mode": "raw",
							"raw": "{\n    \"monto\": \"30.00\"\n}"
						},
						"url": {
							"raw": "{{base_url}}/campanias/{{campania_id}}/",
							"host": ["{{base_url}}"],
							"path": ["campanias", "{{campania_id}}", ""]
						}
					}
				}
			]
		},
		{
			"name": "05. Servicios de Paquetes",
			"item": [
				{
					"name": "Listar Todas las Asociaciones",
					"request": {
						"method": "GET",
						"header": [
							{
								"key": "Authorization",
								"value": "Bearer {{access_token}}"
							}
						],
						"url": {
							"raw": "{{base_url}}/campania-servicios/",
							"host": ["{{base_url}}"],
							"path": ["campania-servicios", ""]
						}
					}
				},
				{
					"name": "Servicios de una Campaña",
					"request": {
						"method": "GET",
						"header": [
							{
								"key": "Authorization",
								"value": "Bearer {{access_token}}"
							}
						],
						"url": {
							"raw": "{{base_url}}/campania-servicios/?campania={{campania_id}}",
							"host": ["{{base_url}}"],
							"path": ["campania-servicios", ""],
							"query": [
								{
									"key": "campania",
									"value": "{{campania_id}}"
								}
							]
						}
					}
				},
				{
					"name": "Campañas que Incluyen un Servicio",
					"request": {
						"method": "GET",
						"header": [
							{
								"key": "Authorization",
								"value": "Bearer {{access_token}}"
							}
						],
						"url": {
							"raw": "{{base_url}}/campania-servicios/?servicio=1",
							"host": ["{{base_url}}"],
							"path": ["campania-servicios", ""],
							"query": [
								{
									"key": "servicio",
									"value": "1"
								}
							]
						}
					}
				},
				{
					"name": "Agregar Servicio a Campaña",
					"event": [
						{
							"listen": "test",
							"script": {
								"exec": [
									"if (pm.response.code === 201) {",
									"    const responseJson = pm.response.json();",
									"    pm.environment.set('campania_servicio_id', responseJson.id);",
									"    pm.test('Servicio agregado a campaña', () => {",
									"        pm.expect(responseJson.campania).to.be.a('number');",
									"        pm.expect(responseJson.servicio).to.be.a('number');",
									"    });",
									"    console.log('✅ Servicio agregado a paquete - ID:', responseJson.id);",
									"}"
								]
							}
						}
					],
					"request": {
						"method": "POST",
						"header": [
							{
								"key": "Content-Type",
								"value": "application/json"
							},
							{
								"key": "Authorization",
								"value": "Bearer {{admin_token}}"
							}
						],
						"body": {
							"mode": "raw",
							"raw": "{\n    \"campania\": {{campania_id}},\n    \"servicio\": 1\n}"
						},
						"url": {
							"raw": "{{base_url}}/campania-servicios/",
							"host": ["{{base_url}}"],
							"path": ["campania-servicios", ""]
						}
					}
				},
				{
					"name": "Agregar Segundo Servicio",
					"request": {
						"method": "POST",
						"header": [
							{
								"key": "Content-Type",
								"value": "application/json"
							},
							{
								"key": "Authorization",
								"value": "Bearer {{admin_token}}"
							}
						],
						"body": {
							"mode": "raw",
							"raw": "{\n    \"campania\": {{campania_id}},\n    \"servicio\": 2\n}"
						},
						"url": {
							"raw": "{{base_url}}/campania-servicios/",
							"host": ["{{base_url}}"],
							"path": ["campania-servicios", ""]
						}
					}
				},
				{
					"name": "Quitar Servicio de Campaña",
					"request": {
						"method": "DELETE",
						"header": [
							{
								"key": "Authorization",
								"value": "Bearer {{admin_token}}"
							}
						],
						"url": {
							"raw": "{{base_url}}/campania-servicios/{{campania_servicio_id}}/",
							"host": ["{{base_url}}"],
							"path": ["campania-servicios", "{{campania_servicio_id}}", ""]
						}
					}
				}
			]
		},
		{
			"name": "06. Cupones de Descuento",
			"item": [
				{
					"name": "Listar Todos los Cupones",
					"request": {
						"method": "GET",
						"header": [
							{
								"key": "Authorization",
								"value": "Bearer {{access_token}}"
							}
						],
						"url": {
							"raw": "{{base_url}}/cupones/",
							"host": ["{{base_url}}"],
							"path": ["cupones", ""]
						}
					}
				},
				{
					"name": "Cupones de una Campaña",
					"request": {
						"method": "GET",
						"header": [
							{
								"key": "Authorization",
								"value": "Bearer {{access_token}}"
							}
						],
						"url": {
							"raw": "{{base_url}}/cupones/?campania={{campania_id}}",
							"host": ["{{base_url}}"],
							"path": ["cupones", ""],
							"query": [
								{
									"key": "campania",
									"value": "{{campania_id}}"
								}
							]
						}
					}
				},
				{
					"name": "Cupones con Usos Disponibles",
					"request": {
						"method": "GET",
						"header": [
							{
								"key": "Authorization",
								"value": "Bearer {{access_token}}"
							}
						],
						"url": {
							"raw": "{{base_url}}/cupones/?nro_usos__lt=cantidad_max",
							"host": ["{{base_url}}"],
							"path": ["cupones", ""],
							"query": [
								{
									"key": "nro_usos__lt",
									"value": "cantidad_max"
								}
							]
						}
					}
				},
				{
					"name": "Crear Cupón para Campaña",
					"event": [
						{
							"listen": "test",
							"script": {
								"exec": [
									"if (pm.response.code === 201) {",
									"    const responseJson = pm.response.json();",
									"    pm.environment.set('cupon_id', responseJson.id);",
									"    pm.test('Cupón creado exitosamente', () => {",
									"        pm.expect(responseJson.cantidad_max).to.be.a('number');",
									"        pm.expect(responseJson.nro_usos).to.equal(0);",
									"    });",
									"    console.log('🎟️ Cupón creado - ID:', responseJson.id);",
									"}"
								]
							}
						}
					],
					"request": {
						"method": "POST",
						"header": [
							{
								"key": "Content-Type",
								"value": "application/json"
							},
							{
								"key": "Authorization",
								"value": "Bearer {{admin_token}}"
							}
						],
						"body": {
							"mode": "raw",
							"raw": "{\n    \"nro_usos\": 0,\n    \"cantidad_max\": 50,\n    \"campania\": {{campania_id}}\n}"
						},
						"url": {
							"raw": "{{base_url}}/cupones/",
							"host": ["{{base_url}}"],
							"path": ["cupones", ""]
						}
					}
				},
				{
					"name": "Ver Cupón Específico",
					"request": {
						"method": "GET",
						"header": [
							{
								"key": "Authorization",
								"value": "Bearer {{access_token}}"
							}
						],
						"url": {
							"raw": "{{base_url}}/cupones/{{cupon_id}}/",
							"host": ["{{base_url}}"],
							"path": ["cupones", "{{cupon_id}}", ""]
						}
					}
				}
			]
		},
		{
			"name": "07. Filtros Avanzados",
			"item": [
				{
					"name": "Paquetes por Rango de Fechas",
					"request": {
						"method": "GET",
						"header": [
							{
								"key": "Authorization",
								"value": "Bearer {{access_token}}"
							}
						],
						"url": {
							"raw": "{{base_url}}/campanias/?fecha_inicio__gte=2025-01-01&fecha_fin__lte=2025-12-31",
							"host": ["{{base_url}}"],
							"path": ["campanias", ""],
							"query": [
								{
									"key": "fecha_inicio__gte",
									"value": "2025-01-01"
								},
								{
									"key": "fecha_fin__lte",
									"value": "2025-12-31"
								}
							]
						}
					}
				},
				{
					"name": "Servicios por Rango de Precio",
					"request": {
						"method": "GET",
						"header": [
							{
								"key": "Authorization",
								"value": "Bearer {{access_token}}"
							}
						],
						"url": {
							"raw": "{{base_url}}/servicios/?precio_bob__gte=200.00&precio_bob__lte=800.00",
							"host": ["{{base_url}}"],
							"path": ["servicios", ""],
							"query": [
								{
									"key": "precio_bob__gte",
									"value": "200.00"
								},
								{
									"key": "precio_bob__lte",
									"value": "800.00"
								}
							]
						}
					}
				},
				{
					"name": "Búsqueda General en Campañas",
					"request": {
						"method": "GET",
						"header": [
							{
								"key": "Authorization",
								"value": "Bearer {{access_token}}"
							}
						],
						"url": {
							"raw": "{{base_url}}/campanias/?search=aventura",
							"host": ["{{base_url}}"],
							"path": ["campanias", ""],
							"query": [
								{
									"key": "search",
									"value": "aventura"
								}
							]
						}
					}
				},
				{
					"name": "Ordenar por Descuento",
					"request": {
						"method": "GET",
						"header": [
							{
								"key": "Authorization",
								"value": "Bearer {{access_token}}"
							}
						],
						"url": {
							"raw": "{{base_url}}/campanias/?ordering=-monto",
							"host": ["{{base_url}}"],
							"path": ["campanias", ""],
							"query": [
								{
									"key": "ordering",
									"value": "-monto"
								}
							]
						}
					}
				}
			]
		},
		{
			"name": "08. Flujos Integrados",
			"item": [
				{
					"name": "Flujo: Crear Paquete Completo",
					"event": [
						{
							"listen": "test",
							"script": {
								"exec": [
									"pm.test('Flujo de paquete completado', () => {",
									"    pm.expect(pm.environment.get('campania_id')).to.not.be.undefined;",
									"    pm.expect(pm.environment.get('cupon_id')).to.not.be.undefined;",
									"});",
									"",
									"console.log('✅ Flujo completo de paquete turístico ejecutado exitosamente');"
								]
							}
						}
					],
					"request": {
						"method": "GET",
						"header": [
							{
								"key": "Authorization",
								"value": "Bearer {{access_token}}"
							}
						],
						"url": {
							"raw": "{{base_url}}/campanias/{{campania_id}}/",
							"host": ["{{base_url}}"],
							"path": ["campanias", "{{campania_id}}", ""]
						}
					}
				},
				{
					"name": "Test: Validar Paquete con Servicios",
					"event": [
						{
							"listen": "test",
							"script": {
								"exec": [
									"pm.test('Response status code is 200', () => {",
									"    pm.expect(pm.response.code).to.equal(200);",
									"});",
									"",
									"pm.test('Campaña tiene servicios asociados', () => {",
									"    const responseJson = pm.response.json();",
									"    pm.expect(responseJson.results).to.be.an('array');",
									"    pm.expect(responseJson.results.length).to.be.greaterThan(0);",
									"});",
									"",
									"pm.test('Asociación tiene campaña y servicio', () => {",
									"    const responseJson = pm.response.json();",
									"    const asociacion = responseJson.results[0];",
									"    pm.expect(asociacion).to.have.property('campania');",
									"    pm.expect(asociacion).to.have.property('servicio');",
									"});",
									"",
									"console.log('✅ Validación de paquete con servicios completada');"
								]
							}
						}
					],
					"request": {
						"method": "GET",
						"header": [
							{
								"key": "Authorization",
								"value": "Bearer {{access_token}}"
							}
						],
						"url": {
							"raw": "{{base_url}}/campania-servicios/?campania={{campania_id}}",
							"host": ["{{base_url}}"],
							"path": ["campania-servicios", ""],
							"query": [
								{
									"key": "campania",
									"value": "{{campania_id}}"
								}
							]
						}
					}
				}
			]
		}
	],
	"event": [
		{
			"listen": "prerequest",
			"script": {
				"type": "text/javascript",
				"exec": [
					""
				]
			}
		},
		{
			"listen": "test",
			"script": {
				"type": "text/javascript",
				"exec": [
					""
				]
			}
		}
	],
	"variable": [
		{
			"key": "base_url",
			"value": "http://127.0.0.1:8000/api",
			"type": "string"
		}
	]
}