{
	"id": "12345678-1234-1234-1234-123456789012",
	"name": "Sistema Reprogramación - URLs Automáticas",
	"values": [
		{
			"key": "base_url",
			"value": "http://127.0.0.1:8000/api",
			"type": "default",
			"enabled": true
		},
		{
			"key": "access_token",
			"value": "",
			"type": "secret",
			"enabled": true
		},
		{
			"key": "admin_token",
			"value": "",
			"type": "secret",
			"enabled": true
		},
		{
			"key": "refresh_token",
			"value": "",
			"type": "secret",
			"enabled": true
		},
		{
			"key": "user_id",
			"value": "",
			"type": "default",
			"enabled": true
		},
		{
			"key": "reserva_id",
			"value": "",
			"type": "default",
			"enabled": true
		},
		{
			"key": "reprogramacion_id",
			"value": "",
			"type": "default",
			"enabled": true
		},
		{
			"key": "regla_id",
			"value": "",
			"type": "default",
			"enabled": true
		},
		{
			"key": "config_id",
			"value": "",
			"type": "default",
			"enabled": true
		},
		{
			"key": "historial_id",
			"value": "",
			"type": "default",
			"enabled": true
		},
		{
			"key": "historial_id",
			"value": "",
			"enabled": true
		},
		{
			"key": "user_id",
			"value": "1",
			"enabled": true
		}
	],
	"_postman_variable_scope": "environment"
}