{
	"info": {
		"_postman_id": "12345678-1234-1234-1234-123456789012",
		"name": "Sistema de Reprogramación - CRUD Completo",
		"description": "Colección completa para probar el sistema avanzado de reprogramación de reservas.",
		"schema": "https://schema.getpostman.com/json/collection/v2.1.0/collection.json"
	},
	"item": [
		{
			"name": "01. Autenticación",
			"item": [
				{
					"name": "Login Admin",
					"event": [
						{
							"listen": "test",
							"script": {
								"exec": [
									"if (pm.response.code === 200) {",
									"    const responseJson = pm.response.json();",
									"    pm.environment.set('access_token', responseJson.access);",
									"    pm.environment.set('refresh_token', responseJson.refresh);",
									"    pm.test('Login successful', () => {",
									"        pm.expect(responseJson.access).to.be.a('string');",
									"    });",
									"} else {",
									"    pm.test('Login failed', () => {",
									"        pm.expect.fail('Login failed with status: ' + pm.response.code);",
									"    });",
									"}"
								]
							}
						}
					],
					"request": {
						"method": "POST",
						"header": [
							{
								"key": "Content-Type",
								"value": "application/json"
							}
						],
						"body": {
							"mode": "raw",
							"raw": "{\n    \"username\": \"admin\",\n    \"password\": \"admin123\"\n}"
						},
						"url": {
							"raw": "{{base_url}}/auth/login/",
							"host": ["{{base_url}}"],
							"path": ["auth", "login", ""]
						}
					}
				}
			]
		},
		{
			"name": "02. Configuración Global",
			"item": [
				{
					"name": "Listar Configuraciones",
					"request": {
						"method": "GET",
						"header": [
							{
								"key": "Authorization",
								"value": "Bearer {{access_token}}"
							}
						],
						"url": {
							"raw": "{{base_url}}/configuracion-global-reprogramacion/",
							"host": ["{{base_url}}"],
							"path": ["configuracion-global-reprogramacion", ""]
						}
					}
				},
				{
					"name": "Crear Configuración - Costo Mínimo",
					"event": [
						{
							"listen": "test",
							"script": {
								"exec": [
									"if (pm.response.code === 201) {",
									"    const responseJson = pm.response.json();",
									"    pm.environment.set('config_id', responseJson.id);",
									"    pm.test('Configuración creada', () => {",
									"        pm.expect(responseJson.clave).to.eql('costo_reprogramacion_minimo');",
									"    });",
									"}"
								]
							}
						}
					],
					"request": {
						"method": "POST",
						"header": [
							{
								"key": "Content-Type",
								"value": "application/json"
							},
							{
								"key": "Authorization",
								"value": "Bearer {{access_token}}"
							}
						],
						"body": {
							"mode": "raw",
							"raw": "{\n    \"clave\": \"costo_reprogramacion_minimo\",\n    \"valor\": \"25.00\",\n    \"tipo_valor\": \"DECIMAL\",\n    \"activa\": true,\n    \"descripcion\": \"Costo mínimo por reprogramar una reserva\"\n}"
						},
						"url": {
							"raw": "{{base_url}}/configuracion-global-reprogramacion/",
							"host": ["{{base_url}}"],
							"path": ["configuracion-global-reprogramacion", ""]
						}
					}
				},
				{
					"name": "Actualizar Configuración",
					"request": {
						"method": "PUT",
						"header": [
							{
								"key": "Content-Type",
								"value": "application/json"
							},
							{
								"key": "Authorization",
								"value": "Bearer {{access_token}}"
							}
						],
						"body": {
							"mode": "raw",
							"raw": "{\n    \"clave\": \"costo_reprogramacion_minimo\",\n    \"valor\": \"30.00\",\n    \"tipo_valor\": \"DECIMAL\",\n    \"activa\": true,\n    \"descripcion\": \"Costo mínimo actualizado por reprogramar\"\n}"
						},
						"url": {
							"raw": "{{base_url}}/configuracion-global-reprogramacion/{{config_id}}/",
							"host": ["{{base_url}}"],
							"path": ["configuracion-global-reprogramacion", "{{config_id}}", ""]
						}
					}
				},
				{
					"name": "Ver Configuración Específica",
					"request": {
						"method": "GET",
						"header": [
							{
								"key": "Authorization",
								"value": "Bearer {{access_token}}"
							}
						],
						"url": {
							"raw": "{{base_url}}/configuracion-global-reprogramacion/1/",
							"host": ["{{base_url}}"],
							"path": ["configuracion-global-reprogramacion", "1", ""]
						}
					}
				}
			]
		},
		{
			"name": "03. Reglas de Reprogramación",
			"item": [
				{
					"name": "Listar Reglas Activas",
					"request": {
						"method": "GET",
						"header": [
							{
								"key": "Authorization",
								"value": "Bearer {{access_token}}"
							}
						],
						"url": {
							"raw": "{{base_url}}/reglas-reprogramacion/?activa=true",
							"host": ["{{base_url}}"],
							"path": ["reglas-reprogramacion", ""],
							"query": [
								{
									"key": "activa",
									"value": "true"
								}
							]
						}
					}
				},
				{
					"name": "Crear Regla - Tiempo Mínimo VIP",
					"event": [
						{
							"listen": "test",
							"script": {
								"exec": [
									"if (pm.response.code === 201) {",
									"    const responseJson = pm.response.json();",
									"    pm.environment.set('regla_id', responseJson.id);",
									"    pm.test('Regla creada correctamente', () => {",
									"        pm.expect(responseJson.tipo_regla).to.eql('TIEMPO_MINIMO');",
									"    });",
									"}"
								]
							}
						}
					],
					"request": {
						"method": "POST",
						"header": [
							{
								"key": "Content-Type",
								"value": "application/json"
							},
							{
								"key": "Authorization",
								"value": "Bearer {{access_token}}"
							}
						],
						"body": {
							"mode": "raw",
							"raw": "{\n    \"nombre\": \"Clientes VIP - 12 Horas\",\n    \"descripcion\": \"Clientes VIP pueden reprogramar hasta 12 horas antes\",\n    \"tipo_regla\": \"TIEMPO_MINIMO\",\n    \"aplicable_a\": \"CLIENTE\",\n    \"limite_hora\": 12,\n    \"valor_numerico\": 12,\n    \"condiciones\": \"{\\\"cliente_vip\\\": true, \\\"horas_minimas\\\": 12}\",\n    \"fecha_inicio_vigencia\": \"2025-01-01\",\n    \"prioridad\": 8,\n    \"activa\": true\n}"
						},
						"url": {
							"raw": "{{base_url}}/reglas-reprogramacion/",
							"host": ["{{base_url}}"],
							"path": ["reglas-reprogramacion", ""]
						}
					}
				},
				{
					"name": "Crear Regla - Penalización Weekend",
					"request": {
						"method": "POST",
						"header": [
							{
								"key": "Content-Type",
								"value": "application/json"
							},
							{
								"key": "Authorization",
								"value": "Bearer {{access_token}}"
							}
						],
						"body": {
							"mode": "raw",
							"raw": "{\n    \"nombre\": \"Penalización Fin de Semana\",\n    \"descripcion\": \"15% de penalización por reprogramar en fin de semana\",\n    \"tipo_regla\": \"DESCUENTO_PENALIZACION\",\n    \"aplicable_a\": \"ALL\",\n    \"valor_decimal\": \"0.15\",\n    \"condiciones\": \"{\\\"dias\\\": [\\\"saturday\\\", \\\"sunday\\\"], \\\"porcentaje\\\": 15}\",\n    \"prioridad\": 6,\n    \"activa\": true\n}"
						},
						"url": {
							"raw": "{{base_url}}/reglas-reprogramacion/",
							"host": ["{{base_url}}"],
							"path": ["reglas-reprogramacion", ""]
						}
					}
				},
				{
					"name": "Crear Regla - Días Blackout Navidad",
					"request": {
						"method": "POST",
						"header": [
							{
								"key": "Content-Type",
								"value": "application/json"
							},
							{
								"key": "Authorization",
								"value": "Bearer {{access_token}}"
							}
						],
						"body": {
							"mode": "raw",
							"raw": "{\n    \"nombre\": \"Días Blackout - Temporada Alta\",\n    \"descripcion\": \"No se permite reprogramar hacia fechas de temporada alta\",\n    \"tipo_regla\": \"DIAS_BLACKOUT\",\n    \"aplicable_a\": \"ALL\",\n    \"valor_texto\": \"2025-12-20,2025-12-21,2025-12-22,2025-12-23,2025-12-24,2025-12-25,2025-12-26,2025-12-31,2026-01-01\",\n    \"condiciones\": \"{\\\"fechas_bloqueadas\\\": [\\\"2025-12-20\\\", \\\"2025-12-31\\\", \\\"2026-01-01\\\"]}\",\n    \"fecha_inicio_vigencia\": \"2025-12-01\",\n    \"fecha_fin_vigencia\": \"2026-01-15\",\n    \"prioridad\": 10,\n    \"activa\": true\n}"
						},
						"url": {
							"raw": "{{base_url}}/reglas-reprogramacion/",
							"host": ["{{base_url}}"],
							"path": ["reglas-reprogramacion", ""]
						}
					}
				},
				{
					"name": "Actualizar Regla",
					"request": {
						"method": "PUT",
						"header": [
							{
								"key": "Content-Type",
								"value": "application/json"
							},
							{
								"key": "Authorization",
								"value": "Bearer {{access_token}}"
							}
						],
						"body": {
							"mode": "raw",
							"raw": "{\n    \"nombre\": \"Clientes VIP - 6 Horas ACTUALIZADO\",\n    \"descripcion\": \"Regla actualizada para clientes VIP con solo 6 horas\",\n    \"tipo_regla\": \"TIEMPO_MINIMO\",\n    \"aplicable_a\": \"CLIENTE\",\n    \"limite_hora\": 6,\n    \"valor_numerico\": 6,\n    \"condiciones\": \"{\\\"cliente_vip\\\": true, \\\"horas_minimas\\\": 6}\",\n    \"prioridad\": 9,\n    \"activa\": true\n}"
						},
						"url": {
							"raw": "{{base_url}}/reglas-reprogramacion/{{regla_id}}/",
							"host": ["{{base_url}}"],
							"path": ["reglas-reprogramacion", "{{regla_id}}", ""]
						}
					}
				}
			]
		},
		{
			"name": "04. Historial de Reprogramación",
			"item": [
				{
					"name": "Listar Todo el Historial",
					"request": {
						"method": "GET",
						"header": [
							{
								"key": "Authorization",
								"value": "Bearer {{access_token}}"
							}
						],
						"url": {
							"raw": "{{base_url}}/historial-reprogramacion/",
							"host": ["{{base_url}}"],
							"path": ["historial-reprogramacion", ""]
						}
					}
				},
				{
					"name": "Crear Historial - Nueva Reprogramación",
					"event": [
						{
							"listen": "test",
							"script": {
								"exec": [
									"if (pm.response.code === 201) {",
									"    const responseJson = pm.response.json();",
									"    pm.environment.set('historial_id', responseJson.id);",
									"    pm.test('Historial registrado', () => {",
									"        pm.expect(responseJson.motivo).to.include('emergencia');",
									"    });",
									"}"
								]
							}
						}
					],
					"request": {
						"method": "POST",
						"header": [
							{
								"key": "Content-Type",
								"value": "application/json"
							},
							{
								"key": "Authorization",
								"value": "Bearer {{access_token}}"
							}
						],
						"body": {
							"mode": "raw",
							"raw": "{\n    \"reserva\": 1,\n    \"fecha_anterior\": \"2025-02-15T09:00:00Z\",\n    \"fecha_nueva\": \"2025-02-22T14:00:00Z\",\n    \"motivo\": \"Cliente reportó emergencia familiar que requiere cambio de fecha. Aprobado por gerencia.\",\n    \"reprogramado_por\": 1,\n    \"notificacion_enviada\": true\n}"
						},
						"url": {
							"raw": "{{base_url}}/historial-reprogramacion/",
							"host": ["{{base_url}}"],
							"path": ["historial-reprogramacion", ""]
						}
					}
				},
				{
					"name": "Historial por Reserva Específica",
					"request": {
						"method": "GET",
						"header": [
							{
								"key": "Authorization",
								"value": "Bearer {{access_token}}"
							}
						],
						"url": {
							"raw": "{{base_url}}/historial-reprogramacion/?reserva=1",
							"host": ["{{base_url}}"],
							"path": ["historial-reprogramacion", ""],
							"query": [
								{
									"key": "reserva",
									"value": "1"
								}
							]
						}
					}
				},
				{
					"name": "Ver Historial Específico",
					"request": {
						"method": "GET",
						"header": [
							{
								"key": "Authorization",
								"value": "Bearer {{access_token}}"
							}
						],
						"url": {
							"raw": "{{base_url}}/historial-reprogramacion/{{historial_id}}/",
							"host": ["{{base_url}}"],
							"path": ["historial-reprogramacion", "{{historial_id}}", ""]
						}
					}
				}
			]
		},
		{
			"name": "05. Reservas - Reprogramación",
			"item": [
				{
					"name": "Listar Reservas",
					"request": {
						"method": "GET",
						"header": [
							{
								"key": "Authorization",
								"value": "Bearer {{access_token}}"
							}
						],
						"url": {
							"raw": "{{base_url}}/reservas/",
							"host": ["{{base_url}}"],
							"path": ["reservas", ""]
						}
					}
				},
				{
					"name": "Ver Reserva Específica",
					"request": {
						"method": "GET",
						"header": [
							{
								"key": "Authorization",
								"value": "Bearer {{access_token}}"
							}
						],
						"url": {
							"raw": "{{base_url}}/reservas/1/",
							"host": ["{{base_url}}"],
							"path": ["reservas", "1", ""]
						}
					}
				},
				{
					"name": "Reprogramar Reserva - Cambiar Fecha",
					"request": {
						"method": "PUT",
						"header": [
							{
								"key": "Content-Type",
								"value": "application/json"
							},
							{
								"key": "Authorization",
								"value": "Bearer {{access_token}}"
							}
						],
						"body": {
							"mode": "raw",
							"raw": "{\n    \"fecha\": \"2025-03-15\",\n    \"fecha_inicio\": \"2025-03-15T08:00:00Z\",\n    \"fecha_fin\": \"2025-03-15T18:00:00Z\",\n    \"estado\": \"REPROGRAMADA\",\n    \"total\": \"875.00\",\n    \"moneda\": \"BOB\",\n    \"cliente\": 2,\n    \"cupon\": null,\n    \"fecha_original\": \"2025-02-22T14:00:00Z\",\n    \"fecha_reprogramacion\": \"2025-01-12T16:45:00Z\",\n    \"numero_reprogramaciones\": 2,\n    \"motivo_reprogramacion\": \"Segunda reprogramación solicitada por disponibilidad de grupo familiar\",\n    \"reprogramado_por\": 1\n}"
						},
						"url": {
							"raw": "{{base_url}}/reservas/1/",
							"host": ["{{base_url}}"],
							"path": ["reservas", "1", ""]
						}
					}
				}
			]
		},
		{
			"name": "06. Tests Integrados",
			"item": [
				{
					"name": "Test Completo - Flujo Reprogramación",
					"event": [
						{
							"listen": "test",
							"script": {
								"exec": [
									"pm.test('Response status code is 200', () => {",
									"    pm.expect(pm.response.code).to.equal(200);",
									"});",
									"",
									"pm.test('Response has required fields', () => {",
									"    const responseJson = pm.response.json();",
									"    pm.expect(responseJson).to.have.property('results');",
									"    pm.expect(responseJson.results).to.be.an('array');",
									"});",
									"",
									"pm.test('At least one configuration exists', () => {",
									"    const responseJson = pm.response.json();",
									"    pm.expect(responseJson.results.length).to.be.greaterThan(0);",
									"});",
									"",
									"console.log('✅ Test de configuraciones completado');"
								]
							}
						}
					],
					"request": {
						"method": "GET",
						"header": [
							{
								"key": "Authorization",
								"value": "Bearer {{access_token}}"
							}
						],
						"url": {
							"raw": "{{base_url}}/configuracion-global-reprogramacion/",
							"host": ["{{base_url}}"],
							"path": ["configuracion-global-reprogramacion", ""]
						}
					}
				}
			]
		}
	],
	"event": [
		{
			"listen": "prerequest",
			"script": {
				"type": "text/javascript",
				"exec": [
					""
				]
			}
		},
		{
			"listen": "test",
			"script": {
				"type": "text/javascript",
				"exec": [
					""
				]
			}
		}
	],
	"variable": [
		{
			"key": "base_url",
			"value": "http://127.0.0.1:8000/api",
			"type": "string"
		}
	]
}