{
	"id": "a1b2c3d4-e5f6-7890-abcd-ef1234567890",
	"name": "Reservas Turísticas",
	"values": [
		{
			"key": "base_url",
			"value": "http://127.0.0.1:8000/api",
			"type": "default",
			"enabled": true
		},
		{
			"key": "access_token",
			"value": "",
			"type": "secret",
			"enabled": true
		},
		{
			"key": "refresh_token",
			"value": "",
			"type": "secret",
			"enabled": true
		},
		{
			"key": "admin_token",
			"value": "",
			"type": "secret",
			"enabled": true
		},
		{
			"key": "user_id",
			"value": "",
			"type": "default",
			"enabled": true
		},
		{
			"key": "reserva_id",
			"value": "",
			"type": "default",
			"enabled": true
		},
		{
			"key": "visitante_titular_id",
			"value": "",
			"type": "default",
			"enabled": true
		},
		{
			"key": "visitante_acompanante_id",
			"value": "",
			"type": "default",
			"enabled": true
		},
		{
			"key": "servicio_id",
			"value": "",
			"type": "default",
			"enabled": true
		},
		{
			"key": "cupon_id",
			"value": "",
			"type": "default",
			"enabled": true
		},
		{
			"key": "pago_id",
			"value": "",
			"type": "default",
			"enabled": true
		},
		{
			"key": "asociacion_titular_id",
			"value": "",
			"type": "default",
			"enabled": true
		},
		{
			"key": "precio_servicio",
			"value": "",
			"type": "default",
			"enabled": true
		},
		{
			"key": "descuento_cupon",
			"value": "",
			"type": "default",
			"enabled": true
		}
	],
	"_postman_variable_scope": "environment",
	"_postman_exported_at": "2025-01-10T15:30:00.000Z",
	"_postman_exported_using": "Postman/10.20.0"
}