{
	"info": {
		"_postman_id": "87654321-4321-4321-4321-210987654321",
		"name": "Sistema de Reservas - CRUD Completo",
		"description": "Colección completa para probar el sistema de reservas, visitantes y servicios relacionados.",
		"schema": "https://schema.getpostman.com/json/collection/v2.1.0/collection.json"
	},
	"item": [
		{
			"name": "01. Autenticación",
			"item": [
				{
					"name": "Login Cliente",
					"event": [
						{
							"listen": "test",
							"script": {
								"exec": [
									"if (pm.response.code === 200) {",
									"    const responseJson = pm.response.json();",
									"    pm.environment.set('access_token', responseJson.access);",
									"    pm.environment.set('refresh_token', responseJson.refresh);",
									"    pm.environment.set('user_id', responseJson.user.id);",
									"    pm.test('Login successful', () => {",
									"        pm.expect(responseJson.access).to.be.a('string');",
									"    });",
									"} else {",
									"    pm.test('Login failed', () => {",
									"        pm.expect.fail('Login failed with status: ' + pm.response.code);",
									"    });",
									"}"
								]
							}
						}
					],
					"request": {
						"method": "POST",
						"header": [
							{
								"key": "Content-Type",
								"value": "application/json"
							}
						],
						"body": {
							"mode": "raw",
							"raw": "{\n    \"username\": \"cliente1\",\n    \"password\": \"cliente123\"\n}"
						},
						"url": {
							"raw": "{{base_url}}/auth/login/",
							"host": ["{{base_url}}"],
							"path": ["auth", "login", ""]
						}
					}
				},
				{
					"name": "Login Admin",
					"event": [
						{
							"listen": "test",
							"script": {
								"exec": [
									"if (pm.response.code === 200) {",
									"    const responseJson = pm.response.json();",
									"    pm.environment.set('admin_token', responseJson.access);",
									"    pm.test('Admin login successful', () => {",
									"        pm.expect(responseJson.user.rol).to.include('Admin');",
									"    });",
									"}"
								]
							}
						}
					],
					"request": {
						"method": "POST",
						"header": [
							{
								"key": "Content-Type",
								"value": "application/json"
							}
						],
						"body": {
							"mode": "raw",
							"raw": "{\n    \"username\": \"admin\",\n    \"password\": \"admin123\"\n}"
						},
						"url": {
							"raw": "{{base_url}}/auth/login/",
							"host": ["{{base_url}}"],
							"path": ["auth", "login", ""]
						}
					}
				}
			]
		},
		{
			"name": "02. Servicios Disponibles",
			"item": [
				{
					"name": "Listar Todos los Servicios",
					"request": {
						"method": "GET",
						"header": [
							{
								"key": "Authorization",
								"value": "Bearer {{access_token}}"
							}
						],
						"url": {
							"raw": "{{base_url}}/servicios/",
							"host": ["{{base_url}}"],
							"path": ["servicios", ""]
						}
					}
				},
				{
					"name": "Servicios por Categoría",
					"request": {
						"method": "GET",
						"header": [
							{
								"key": "Authorization",
								"value": "Bearer {{access_token}}"
							}
						],
						"url": {
							"raw": "{{base_url}}/servicios/?categoria=1",
							"host": ["{{base_url}}"],
							"path": ["servicios", ""],
							"query": [
								{
									"key": "categoria",
									"value": "1"
								}
							]
						}
					}
				},
				{
					"name": "Ver Servicio Específico",
					"event": [
						{
							"listen": "test",
							"script": {
								"exec": [
									"if (pm.response.code === 200) {",
									"    const responseJson = pm.response.json();",
									"    pm.environment.set('servicio_id', responseJson.id);",
									"    pm.environment.set('precio_servicio', responseJson.precio_bob);",
									"}"
								]
							}
						}
					],
					"request": {
						"method": "GET",
						"header": [
							{
								"key": "Authorization",
								"value": "Bearer {{access_token}}"
							}
						],
						"url": {
							"raw": "{{base_url}}/servicios/1/",
							"host": ["{{base_url}}"],
							"path": ["servicios", "1", ""]
						}
					}
				}
			]
		},
		{
			"name": "03. Visitantes",
			"item": [
				{
					"name": "Listar Visitantes",
					"request": {
						"method": "GET",
						"header": [
							{
								"key": "Authorization",
								"value": "Bearer {{access_token}}"
							}
						],
						"url": {
							"raw": "{{base_url}}/visitantes/",
							"host": ["{{base_url}}"],
							"path": ["visitantes", ""]
						}
					}
				},
				{
					"name": "Crear Visitante Titular",
					"event": [
						{
							"listen": "test",
							"script": {
								"exec": [
									"if (pm.response.code === 201) {",
									"    const responseJson = pm.response.json();",
									"    pm.environment.set('visitante_titular_id', responseJson.id);",
									"    pm.test('Visitante titular creado', () => {",
									"        pm.expect(responseJson.es_titular).to.be.true;",
									"    });",
									"}"
								]
							}
						}
					],
					"request": {
						"method": "POST",
						"header": [
							{
								"key": "Content-Type",
								"value": "application/json"
							},
							{
								"key": "Authorization",
								"value": "Bearer {{access_token}}"
							}
						],
						"body": {
							"mode": "raw",
							"raw": "{\n    \"nombre\": \"Carlos\",\n    \"apellido\": \"Mendoza\",\n    \"fecha_nac\": \"1985-03-20\",\n    \"nacionalidad\": \"Bolivia\",\n    \"nro_doc\": \"87654321\",\n    \"email\": \"carlos.mendoza@email.com\",\n    \"telefono\": \"+591 70987654\",\n    \"es_titular\": true\n}"
						},
						"url": {
							"raw": "{{base_url}}/visitantes/",
							"host": ["{{base_url}}"],
							"path": ["visitantes", ""]
						}
					}
				},
				{
					"name": "Crear Visitante Acompañante",
					"event": [
						{
							"listen": "test",
							"script": {
								"exec": [
									"if (pm.response.code === 201) {",
									"    const responseJson = pm.response.json();",
									"    pm.environment.set('visitante_acompanante_id', responseJson.id);",
									"}"
								]
							}
						}
					],
					"request": {
						"method": "POST",
						"header": [
							{
								"key": "Content-Type",
								"value": "application/json"
							},
							{
								"key": "Authorization",
								"value": "Bearer {{access_token}}"
							}
						],
						"body": {
							"mode": "raw",
							"raw": "{\n    \"nombre\": \"Ana\",\n    \"apellido\": \"Mendoza\",\n    \"fecha_nac\": \"1988-07-12\",\n    \"nacionalidad\": \"Bolivia\",\n    \"nro_doc\": \"87654322\",\n    \"email\": \"ana.mendoza@email.com\",\n    \"telefono\": \"+591 70987655\",\n    \"es_titular\": false\n}"
						},
						"url": {
							"raw": "{{base_url}}/visitantes/",
							"host": ["{{base_url}}"],
							"path": ["visitantes", ""]
						}
					}
				},
				{
					"name": "Actualizar Visitante",
					"request": {
						"method": "PUT",
						"header": [
							{
								"key": "Content-Type",
								"value": "application/json"
							},
							{
								"key": "Authorization",
								"value": "Bearer {{access_token}}"
							}
						],
						"body": {
							"mode": "raw",
							"raw": "{\n    \"nombre\": \"Carlos Eduardo\",\n    \"apellido\": \"Mendoza Silva\",\n    \"fecha_nac\": \"1985-03-20\",\n    \"nacionalidad\": \"Bolivia\",\n    \"nro_doc\": \"87654321\",\n    \"email\": \"carlos.e.mendoza@email.com\",\n    \"telefono\": \"+591 70987654\",\n    \"es_titular\": true\n}"
						},
						"url": {
							"raw": "{{base_url}}/visitantes/{{visitante_titular_id}}/",
							"host": ["{{base_url}}"],
							"path": ["visitantes", "{{visitante_titular_id}}", ""]
						}
					}
				}
			]
		},
		{
			"name": "04. Cupones y Descuentos",
			"item": [
				{
					"name": "Listar Cupones Activos",
					"request": {
						"method": "GET",
						"header": [
							{
								"key": "Authorization",
								"value": "Bearer {{access_token}}"
							}
						],
						"url": {
							"raw": "{{base_url}}/cupones/?activo=true",
							"host": ["{{base_url}}"],
							"path": ["cupones", ""],
							"query": [
								{
									"key": "activo",
									"value": "true"
								}
							]
						}
					}
				},
				{
					"name": "Ver Cupón Específico",
					"event": [
						{
							"listen": "test",
							"script": {
								"exec": [
									"if (pm.response.code === 200) {",
									"    const responseJson = pm.response.json();",
									"    pm.environment.set('cupon_id', responseJson.id);",
									"    pm.environment.set('descuento_cupon', responseJson.descuento);",
									"}"
								]
							}
						}
					],
					"request": {
						"method": "GET",
						"header": [
							{
								"key": "Authorization",
								"value": "Bearer {{access_token}}"
							}
						],
						"url": {
							"raw": "{{base_url}}/cupones/1/",
							"host": ["{{base_url}}"],
							"path": ["cupones", "1", ""]
						}
					}
				}
			]
		},
		{
			"name": "05. Reservas - CRUD Principal",
			"item": [
				{
					"name": "Listar Mis Reservas",
					"request": {
						"method": "GET",
						"header": [
							{
								"key": "Authorization",
								"value": "Bearer {{access_token}}"
							}
						],
						"url": {
							"raw": "{{base_url}}/reservas/",
							"host": ["{{base_url}}"],
							"path": ["reservas", ""]
						}
					}
				},
				{
					"name": "Crear Nueva Reserva",
					"event": [
						{
							"listen": "test",
							"script": {
								"exec": [
									"if (pm.response.code === 201) {",
									"    const responseJson = pm.response.json();",
									"    pm.environment.set('reserva_id', responseJson.id);",
									"    pm.test('Reserva creada exitosamente', () => {",
									"        pm.expect(responseJson.estado).to.eql('PENDIENTE');",
									"        pm.expect(responseJson.total).to.be.a('string');",
									"    });",
									"    console.log('✅ Reserva creada con ID:', responseJson.id);",
									"}"
								]
							}
						}
					],
					"request": {
						"method": "POST",
						"header": [
							{
								"key": "Content-Type",
								"value": "application/json"
							},
							{
								"key": "Authorization",
								"value": "Bearer {{access_token}}"
							}
						],
						"body": {
							"mode": "raw",
							"raw": "{\n    \"fecha\": \"2025-03-15\",\n    \"fecha_inicio\": \"2025-03-15T08:00:00Z\",\n    \"fecha_fin\": \"2025-03-15T18:00:00Z\",\n    \"estado\": \"PENDIENTE\",\n    \"total\": \"1250.00\",\n    \"moneda\": \"BOB\",\n    \"cliente\": 2,\n    \"cupon\": 1\n}"
						},
						"url": {
							"raw": "{{base_url}}/reservas/",
							"host": ["{{base_url}}"],
							"path": ["reservas", ""]
						}
					}
				},
				{
					"name": "Ver Reserva Específica",
					"request": {
						"method": "GET",
						"header": [
							{
								"key": "Authorization",
								"value": "Bearer {{access_token}}"
							}
						],
						"url": {
							"raw": "{{base_url}}/reservas/{{reserva_id}}/",
							"host": ["{{base_url}}"],
							"path": ["reservas", "{{reserva_id}}", ""]
						}
					}
				},
				{
					"name": "Confirmar Reserva",
					"event": [
						{
							"listen": "test",
							"script": {
								"exec": [
									"if (pm.response.code === 200) {",
									"    const responseJson = pm.response.json();",
									"    pm.test('Reserva confirmada', () => {",
									"        pm.expect(responseJson.estado).to.eql('CONFIRMADA');",
									"    });",
									"    console.log('✅ Reserva confirmada exitosamente');",
									"}"
								]
							}
						}
					],
					"request": {
						"method": "PATCH",
						"header": [
							{
								"key": "Content-Type",
								"value": "application/json"
							},
							{
								"key": "Authorization",
								"value": "Bearer {{admin_token}}"
							}
						],
						"body": {
							"mode": "raw",
							"raw": "{\n    \"estado\": \"CONFIRMADA\"\n}"
						},
						"url": {
							"raw": "{{base_url}}/reservas/{{reserva_id}}/",
							"host": ["{{base_url}}"],
							"path": ["reservas", "{{reserva_id}}", ""]
						}
					}
				},
				{
					"name": "Actualizar Reserva Completa",
					"request": {
						"method": "PUT",
						"header": [
							{
								"key": "Content-Type",
								"value": "application/json"
							},
							{
								"key": "Authorization",
								"value": "Bearer {{access_token}}"
							}
						],
						"body": {
							"mode": "raw",
							"raw": "{\n    \"fecha\": \"2025-03-20\",\n    \"fecha_inicio\": \"2025-03-20T09:00:00Z\",\n    \"fecha_fin\": \"2025-03-20T19:00:00Z\",\n    \"estado\": \"CONFIRMADA\",\n    \"total\": \"1350.00\",\n    \"moneda\": \"BOB\",\n    \"cliente\": 2,\n    \"cupon\": 1\n}"
						},
						"url": {
							"raw": "{{base_url}}/reservas/{{reserva_id}}/",
							"host": ["{{base_url}}"],
							"path": ["reservas", "{{reserva_id}}", ""]
						}
					}
				},
				{
					"name": "Cancelar Reserva",
					"request": {
						"method": "PATCH",
						"header": [
							{
								"key": "Content-Type",
								"value": "application/json"
							},
							{
								"key": "Authorization",
								"value": "Bearer {{access_token}}"
							}
						],
						"body": {
							"mode": "raw",
							"raw": "{\n    \"estado\": \"CANCELADA\"\n}"
						},
						"url": {
							"raw": "{{base_url}}/reservas/{{reserva_id}}/",
							"host": ["{{base_url}}"],
							"path": ["reservas", "{{reserva_id}}", ""]
						}
					}
				}
			]
		},
		{
			"name": "06. Asociación Reserva-Visitantes",
			"item": [
				{
					"name": "Listar Asociaciones",
					"request": {
						"method": "GET",
						"header": [
							{
								"key": "Authorization",
								"value": "Bearer {{access_token}}"
							}
						],
						"url": {
							"raw": "{{base_url}}/reserva-visitantes/",
							"host": ["{{base_url}}"],
							"path": ["reserva-visitantes", ""]
						}
					}
				},
				{
					"name": "Asociar Visitante Titular a Reserva",
					"event": [
						{
							"listen": "test",
							"script": {
								"exec": [
									"if (pm.response.code === 201) {",
									"    const responseJson = pm.response.json();",
									"    pm.environment.set('asociacion_titular_id', responseJson.id);",
									"    pm.test('Visitante titular asociado', () => {",
									"        pm.expect(responseJson.reserva).to.be.a('number');",
									"        pm.expect(responseJson.visitante).to.be.a('number');",
									"    });",
									"}"
								]
							}
						}
					],
					"request": {
						"method": "POST",
						"header": [
							{
								"key": "Content-Type",
								"value": "application/json"
							},
							{
								"key": "Authorization",
								"value": "Bearer {{access_token}}"
							}
						],
						"body": {
							"mode": "raw",
							"raw": "{\n    \"reserva\": {{reserva_id}},\n    \"visitante\": {{visitante_titular_id}}\n}"
						},
						"url": {
							"raw": "{{base_url}}/reserva-visitantes/",
							"host": ["{{base_url}}"],
							"path": ["reserva-visitantes", ""]
						}
					}
				},
				{
					"name": "Asociar Visitante Acompañante",
					"request": {
						"method": "POST",
						"header": [
							{
								"key": "Content-Type",
								"value": "application/json"
							},
							{
								"key": "Authorization",
								"value": "Bearer {{access_token}}"
							}
						],
						"body": {
							"mode": "raw",
							"raw": "{\n    \"reserva\": {{reserva_id}},\n    \"visitante\": {{visitante_acompanante_id}}\n}"
						},
						"url": {
							"raw": "{{base_url}}/reserva-visitantes/",
							"host": ["{{base_url}}"],
							"path": ["reserva-visitantes", ""]
						}
					}
				},
				{
					"name": "Visitantes de una Reserva",
					"request": {
						"method": "GET",
						"header": [
							{
								"key": "Authorization",
								"value": "Bearer {{access_token}}"
							}
						],
						"url": {
							"raw": "{{base_url}}/reserva-visitantes/?reserva={{reserva_id}}",
							"host": ["{{base_url}}"],
							"path": ["reserva-visitantes", ""],
							"query": [
								{
									"key": "reserva",
									"value": "{{reserva_id}}"
								}
							]
						}
					}
				}
			]
		},
		{
			"name": "07. Pagos de Reserva",
			"item": [
				{
					"name": "Listar Pagos",
					"request": {
						"method": "GET",
						"header": [
							{
								"key": "Authorization",
								"value": "Bearer {{access_token}}"
							}
						],
						"url": {
							"raw": "{{base_url}}/pagos/",
							"host": ["{{base_url}}"],
							"path": ["pagos", ""]
						}
					}
				},
				{
					"name": "Procesar Pago de Reserva",
					"event": [
						{
							"listen": "test",
							"script": {
								"exec": [
									"if (pm.response.code === 201) {",
									"    const responseJson = pm.response.json();",
									"    pm.environment.set('pago_id', responseJson.id);",
									"    pm.test('Pago procesado exitosamente', () => {",
									"        pm.expect(responseJson.estado).to.eql('COMPLETADO');",
									"        pm.expect(responseJson.monto).to.be.a('string');",
									"    });",
									"    console.log('💳 Pago procesado - ID:', responseJson.id);",
									"}"
								]
							}
						}
					],
					"request": {
						"method": "POST",
						"header": [
							{
								"key": "Content-Type",
								"value": "application/json"
							},
							{
								"key": "Authorization",
								"value": "Bearer {{access_token}}"
							}
						],
						"body": {
							"mode": "raw",
							"raw": "{\n    \"reserva\": {{reserva_id}},\n    \"monto\": \"1250.00\",\n    \"metodo\": \"TARJETA\",\n    \"estado\": \"COMPLETADO\",\n    \"referencia\": \"TXN{{$randomInt}}\",\n    \"descripcion\": \"Pago completo de reserva turística\"\n}"
						},
						"url": {
							"raw": "{{base_url}}/pagos/",
							"host": ["{{base_url}}"],
							"path": ["pagos", ""]
						}
					}
				},
				{
					"name": "Pagos de una Reserva",
					"request": {
						"method": "GET",
						"header": [
							{
								"key": "Authorization",
								"value": "Bearer {{access_token}}"
							}
						],
						"url": {
							"raw": "{{base_url}}/pagos/?reserva={{reserva_id}}",
							"host": ["{{base_url}}"],
							"path": ["pagos", ""],
							"query": [
								{
									"key": "reserva",
									"value": "{{reserva_id}}"
								}
							]
						}
					}
				}
			]
		},
		{
			"name": "08. Filtros y Búsquedas",
			"item": [
				{
					"name": "Reservas por Estado",
					"request": {
						"method": "GET",
						"header": [
							{
								"key": "Authorization",
								"value": "Bearer {{access_token}}"
							}
						],
						"url": {
							"raw": "{{base_url}}/reservas/?estado=CONFIRMADA",
							"host": ["{{base_url}}"],
							"path": ["reservas", ""],
							"query": [
								{
									"key": "estado",
									"value": "CONFIRMADA"
								}
							]
						}
					}
				},
				{
					"name": "Reservas por Rango de Fechas",
					"request": {
						"method": "GET",
						"header": [
							{
								"key": "Authorization",
								"value": "Bearer {{access_token}}"
							}
						],
						"url": {
							"raw": "{{base_url}}/reservas/?fecha__gte=2025-01-01&fecha__lte=2025-12-31",
							"host": ["{{base_url}}"],
							"path": ["reservas", ""],
							"query": [
								{
									"key": "fecha__gte",
									"value": "2025-01-01"
								},
								{
									"key": "fecha__lte",
									"value": "2025-12-31"
								}
							]
						}
					}
				},
				{
					"name": "Reservas por Cliente",
					"request": {
						"method": "GET",
						"header": [
							{
								"key": "Authorization",
								"value": "Bearer {{admin_token}}"
							}
						],
						"url": {
							"raw": "{{base_url}}/reservas/?cliente=2",
							"host": ["{{base_url}}"],
							"path": ["reservas", ""],
							"query": [
								{
									"key": "cliente",
									"value": "2"
								}
							]
						}
					}
				}
			]
		},
		{
			"name": "09. Tests Integrados",
			"item": [
				{
					"name": "Test Flujo Completo Reserva",
					"event": [
						{
							"listen": "test",
							"script": {
								"exec": [
									"pm.test('Response status code is 200', () => {",
									"    pm.expect(pm.response.code).to.equal(200);",
									"});",
									"",
									"pm.test('Response has reservas data', () => {",
									"    const responseJson = pm.response.json();",
									"    pm.expect(responseJson).to.have.property('results');",
									"    pm.expect(responseJson.results).to.be.an('array');",
									"});",
									"",
									"pm.test('At least one reserva exists', () => {",
									"    const responseJson = pm.response.json();",
									"    pm.expect(responseJson.results.length).to.be.greaterThan(0);",
									"});",
									"",
									"pm.test('Reserva has required fields', () => {",
									"    const responseJson = pm.response.json();",
									"    const reserva = responseJson.results[0];",
									"    pm.expect(reserva).to.have.property('id');",
									"    pm.expect(reserva).to.have.property('fecha');",
									"    pm.expect(reserva).to.have.property('estado');",
									"    pm.expect(reserva).to.have.property('total');",
									"    pm.expect(reserva).to.have.property('cliente');",
									"});",
									"",
									"console.log('✅ Test de sistema de reservas completado');"
								]
							}
						}
					],
					"request": {
						"method": "GET",
						"header": [
							{
								"key": "Authorization",
								"value": "Bearer {{access_token}}"
							}
						],
						"url": {
							"raw": "{{base_url}}/reservas/",
							"host": ["{{base_url}}"],
							"path": ["reservas", ""]
						}
					}
				}
			]
		}
	],
	"event": [
		{
			"listen": "prerequest",
			"script": {
				"type": "text/javascript",
				"exec": [
					""
				]
			}
		},
		{
			"listen": "test",
			"script": {
				"type": "text/javascript",
				"exec": [
					""
				]
			}
		}
	],
	"variable": [
		{
			"key": "base_url",
			"value": "http://127.0.0.1:8000/api",
			"type": "string"
		}
	]
}